Assignment Group,Short Description,Knowledge Base
ACN AMS GRC,Add a SSE-ARM termporary approver,KB_1
ACN AMS GRC,Additional SAP Access,KB_1
ACN AMS GRC,[GRC-P3] USERS WITH ZSAP_ALL_WITHOUT_HR_IBERIA,KB_1
ACN AMS GRC,Additional SAP Access,KB_1
ACN AMS GRC,[GRC] Usuario AREEX001 Caducado,KB_1
ACN AMS GRC,ZUPDBWDATA auth access,KB_1
ACN AMS GRC,Leaver SML022806 - Sonia Romero,KB_1
ACN AMS GRC,GRC-P2 User locked,KB_1
ACN AMS GRC,Access Request - DC1,KB_1
ACN AMS GRC,Acess to /iwbep/error_log  t code in PE1 for the users GARRI001 and LLANX001,KB_1
ACN AMS GRC,CIERX001 dont have office 365 account,KB_1
ACN AMS GRC,SML022494 - Starter - Guillermo Urroz Torres,KB_1
ACN AMS GRC,Authorization fo runing cost in EE1 (non production). ,KB_1
ACN AMS GRC,Extend end date of SAP user in PE1 ECC and PS1 EWM ,KB_1
ACN AMS GRC,access to SAP ,KB_1
ACN AMS GRC,no me deja entrar al SAP,KB_1
ACN AMS GRC,Extend validity date for SAP account,KB_1
ACN AMS GRC,SML020434 Extend SAP account date,KB_1
ACN AMS GRC,[SML021523] Create SAP account for MORMX030,KB_1
ACN AMS GRC,Create SAP user for Andrea Folgado,KB_1
ACN AMS GRC,SAP ACCESS,KB_1
ACN AMS GRC,Remove user SAP account,KB_1
ACN AMS GRC,Access to SAP FIORI mobile app,KB_1
ACN AMS GRC,SML022519 - Extend validity account in ECC for user ANDIX001,KB_1
ACN AMS GRC,Issue using transaction ME51N,KB_1
ACN AMS GRC,SML020434 - en principio no me deja entrar a mi cuenta. Al parecer mi cuenta caducó este fin de semana. sin mi cuenta no puedo trabajar. ,KB_1
ACN AMS GRC,disable SAP user and systems for MORMX030 ,KB_1
ACN AMS GRC,Grant access to FIORI mobile app for Eoin Byrn,KB_1
ACN AMS GRC,accces to transaccion OKOV ,KB_1
ACN AMS GRC,"SAP Access for QP01/QP02 For the Creation of Inspection plans for Raw materials, Finished and Packaging Materials.",KB_1
ACN AMS GRC,FW: Incident INC0183256 Priority: 3 - Moderate -- comments added,KB_1
ACN AMS GRC,Acces to QE3 to UAT (INC0207139),KB_1
ACN AMS GRC,Create users for test QS3 EWM without SSO for the RF devices,KB_1
ACN AMS GRC,User Jose Moreno. Extend valid account (AD / SAP),KB_1
ACN AMS GRC,Delete all SAP accounts for user E-TORJX004,KB_1
ACN AMS GRC,[SML021499] SAP access for MArta Ruiz,KB_1
ACN AMS GRC,acceso a DE3 DS3,KB_1
ACN AMS GRC,[SML016806] Delete account from SAP,KB_1
ACN AMS GRC,Necesito permisos para ferran de la pantalla que adjuntamos.,KB_1
ACN AMS GRC,Transaction from Roles (Tomasz Gadzalski) GADTX001,KB_1
ACN AMS GRC,no puedo entrar en QE1,KB_1
ACN AMS GRC,Delete the following SAP accounts,KB_1
ACN AMS GRC,SIN AUTORIZACION A LA TRANSACCION VA01 DE SAP,KB_1
ACN AMS GRC,I can't attach files in SAP with  my UserID.,KB_1
ACN AMS GRC,"ME51N, I have no access for create transfer stock  request of Carcaixent. Attached SU53",KB_1
ACN AMS GRC,KOCAX001 wasn't granted with access to SAP PE1,KB_1
ACN AMS GRC,"I   don´t have acces in SAP  , my  user is blocked ",KB_1
ACN AMS GRC,SML020434 - AD. Manuela Franco. Ampliar validez cuenta AD según peticion SML,KB_1
ACN AMS GRC,ACCESS TO TRANSACTION YFIFA_IMR1 ,KB_1
ACN AMS GRC,Authorisation for user RUBJX002 to transaction V.23 (Check as well for VKM3),KB_1
ACN AMS GRC,Commercial flash for SAP,KB_1
ACN AMS GRC,[SML022185] Please approve the Starter: Nicolas Verrier,KB_1
ACN AMS GRC,Our SAP user accounts are no longer valid. Could you please active them. Thanks,KB_1
ACN AMS GRC,CATT end of August 2017 SBFE,KB_1
ACN AMS GRC,SML018866  : Starter Thierry Deliere ,KB_1
ACN AMS GRC,SML021492 Mover:Ines Unceta ,KB_1
ACN AMS GRC,UC4CPIC user ID no access to post in  ES04 ,KB_1
ACN AMS GRC,SAP account problem,KB_1
ACN AMS GRC,Removing access of SBFE IT user (SUSLM001)Lavinia Maria Sisu from transaction F110( payment run)in NL02 ,KB_1
ACN AMS GRC,EE1 system. Set account for user E-BALJR001,KB_1
ACN AMS GRC,Reactivate SAP account RUFMX001,KB_1
ACN AMS GRC,SAP Access,KB_1
ACN AMS GRC,FIREFIGHTER FF_IT_MDBU to L Echeandia,KB_1
ACN AMS GRC,Releasing order do not work for Carole Falleguerho,KB_1
ACN AMS GRC,We are doing a training in QE1 and therefore need access to practice,KB_1
ACN AMS GRC,Autorisation for folder Sale customer service,KB_1
ACN AMS GRC,Access required for SAP Plant 4120,KB_1
ACN AMS GRC,PE1. Approver role to be set for user W?ODX001,KB_1
ACN AMS GRC,SML 018645 SAP. APPROVER profile for HERJX002.,KB_1
ACN AMS GRC,Request for access to SAP BI,KB_1
ACN AMS GRC,[SML019230] Please approve the Mover: Philippe Le Saint,KB_1
ACN AMS GRC,Remove REQ/APP access,KB_1
ACN AMS GRC,SML017361 Emilie Magdelaine,KB_1
ACN AMS GRC,[SML018437] Please approve the Mover: Anthony Clauin,KB_1
ACN AMS GRC,KEHC access required,KB_1
ACN AMS GRC,Access to STMS_QA,KB_1
ACN AMS GRC,SML017927 : Emilie Terrasse,KB_1
ACN AMS GRC,accès to EE1,KB_1
ACN AMS GRC,QE1. Create account for user ORDSX001,KB_1
ACN AMS GRC,SAP Access,KB_1
ACN AMS GRC,MIR4 to Active Alert Holders,KB_1
ACN AMS GRC,BI Access for MARC Prieto,KB_1
ACN AMS GRC,[SML019250] Please approve the Mover: Robert Wilkins,KB_1
ACN AMS GRC,Account SAP Christophe Meloni desactivated,KB_1
ACN AMS GRC,FF extension for Hugo Linares,KB_1
ACN AMS GRC,"RE: Info: Call EX2_200, Job aborted: JOB@SSE.PE1.FO_ECC_ITF_LOC_SSE_VOXEL_EDI_OUT(0672597591)(not blocked)(SAP_ORA_PE1) , Workflow: JOBP@SSE.P_VOXEL_TO_SAP on 2",KB_1
ACN AMS GRC,[SML023845] Please approve the Starter: Stephane  Picot,KB_1
ACN AMS GRC,Change SAP account end date,KB_1
ACN AMS GRC,SAP Delegation,KB_1
ACN AMS GRC,1-PROFIL METIER: LCN: logistiques dépots LCN: LO : Logistic Operator Extérieur LCN et Lagny,KB_1
ACN AMS GRC,[SML023250] Please approve the Mover: Hassen Khalfi,KB_1
ACN AMS GRC,BW: réouverture compte J.DEBRAY,KB_1
ACN AMS GRC,"PE1, PB1, PS1, PC1 Clean Up",KB_1
ACN AMS GRC,Lisa Furness - Approver,KB_1
ACN AMS GRC,[SML022374] Please approve the Mover: Ophélie Rocherieux,KB_1
ACN AMS GRC,grc-p3 User unlock PB1 - PEIMX001,KB_1
ACN AMS GRC,User ID: BUZGX002 ,KB_1
ACN AMS GRC,Login name on SAP,KB_1
ACN AMS GRC,access to SAP transaction YMAPCHANGES,KB_1
ACN AMS GRC,PLEASE CAN YOU GIVE ME ACCES TO QE3 IN SAP THANKS YOU,KB_2
ACN AMS GRC,SE38. Permission for executing Program SDRQCR21,KB_2
ACN AMS GRC,[SML018811] Please approve the Starter: Nikola Szplitt,KB_2
ACN AMS GRC,Need access to /spe/ol19 in sand box in SE1,KB_2
ACN AMS GRC,USer in EE1,KB_2
ACN AMS GRC,Missing Access in V.23 ( unable to release billing documents ),KB_2
ACN AMS GRC,resetting password for user S-RFC_MDM_SH on QE1 600,KB_2
ACN AMS GRC,[SML018867]Update SAP Access,KB_2
ACN AMS GRC,SML023495 . LEAVER MArek golabek .SAP / BO account management,KB_2
ACN AMS GRC,[SML021314] SAP Access,KB_2
ACN AMS GRC,Restore SAP PE1 Access,KB_2
ACN AMS GRC,SML015487  ,KB_2
ACN AMS GRC,copy all functions old account E-vantx003 to Vantx003,KB_2
ACN AMS GRC,Reset pwd for E-SOTJX003 in PE1-PS1-PB1-SMP,KB_2
ACN AMS GRC,Update SIL users in 062 PSI-SCM as per attached document,KB_2
ACN AMS GRC,TobyMcKeever SBFE release strategy rights,KB_2
ACN AMS GRC,Access to ML81N,KB_2
ACN AMS GRC,SML022991 : Request for access to SAP QE3 account lossx001  ,KB_2
ACN AMS GRC,GRC P3* Authorization to post invoice in EE1,KB_2
ACN AMS GRC,SAP ACCESS - MR11 Fire Fighter Access,KB_2
ACN AMS GRC,SML023012 : SAP account creation : PAGLX002 ,KB_2
ACN AMS GRC,SAP Access ,KB_2
ACN AMS GRC,Access to DE3 and QE3,KB_2
ACN AMS GRC,Risk Level Critical : 37 risks are re catorized,KB_2
ACN AMS GRC,MR21 access needed,KB_2
ACN AMS GRC,SAP Access Request_YAPINVCONTROL,KB_2
ACN AMS GRC,Issues to access to database on BO Analysis ,KB_2
ACN AMS GRC,[SML020348] Please approve the Starter: Mathias Mimouna,KB_2
ACN AMS GRC,User S-RFC_MDM_SH on QE1 600 has a No RFC authorization for function module /BODS/RFC_READ_TABLE,KB_2
ACN AMS GRC,Access on QE3 for GARJX011 same as I have in QE1,KB_2
ACN AMS GRC,KSH3,KB_2
ACN AMS GRC,Access to DHAAX001 to BI in EB1,KB_2
ACN AMS GRC,[SML019450] Please approve the Request for application Access: Akira Nojima,KB_2
ACN AMS GRC,GRC. PE1. Extend account valid date for some accounts,KB_2
ACN AMS GRC,SAP transaction ZFI_ED_MATERIALS,KB_2
ACN AMS GRC,Cant log on to sap,KB_2
ACN AMS GRC,[SML021068] Please approve the Mover: Helene Ulliel,KB_2
ACN AMS GRC,SML022718  SAP account extension : YASRX001,KB_2
ACN AMS GRC,Firefighter access for KE - user E-MACCX003,KB_2
ACN AMS GRC,Add YIT_IDOC_REPORT to LRS_P053,KB_2
ACN AMS GRC,To update users in 063 PB1-BW as in the attached document,KB_2
ACN AMS GRC,SML023932 Mover: David Blake,KB_2
ACN AMS GRC,Access PC1,KB_2
ACN AMS GRC,"Access to ME11, ME01, ME3M to SIL customer operations team",KB_2
ACN AMS GRC,Create FUJI* users in SAPPHIRE DEV DE3 System,KB_2
ACN AMS GRC,SAP Access,KB_2
ACN AMS GRC,[SML024310] Please approve the Starter: Jose Barbosa,KB_2
ACN AMS GRC,[SML021380] Please approve the Starter: Etienne Capelli,KB_2
ACN AMS GRC,Change Controller for FF_VKM1_NL02  to Herman Buist,KB_2
ACN AMS GRC,User locked in DE3 - 600,KB_2
ACN AMS GRC,Fire Fighter Access for YGRC_FF - EAM Launchpad Logon,KB_2
ACN AMS GRC,SML022725 SAP account creation :DORDX001 ,KB_2
ACN AMS GRC,GRC Change YS Goods movements,KB_2
ACN AMS GRC,wrong endd date,KB_2
ACN AMS GRC,SAP Access,KB_2
ACN AMS GRC,PS1. Extend valida date account for user CATCX001 ,KB_2
ACN AMS GRC,SAP Account extension. Genesis Abigail (CEVGX001),KB_2
ACN AMS GRC,No access anymore at PE1 connexion in SAPlogon windows for e-bouvx001,KB_2
ACN AMS GRC,SAP BI Access,KB_2
ACN AMS GRC,Reactivate SAP account GONAX004 ,KB_2
ACN AMS GRC,Check SAP Access,KB_2
ACN AMS GRC,QE3 access,KB_2
ACN AMS GRC,Access to QE3 system for the user GARRI001,KB_2
ACN AMS GRC,SML024024 - LRS - Access to SAP,KB_2
ACN AMS GRC,Provide access to DE3 / QE3 / QS3 to LBPO users,KB_2
ACN AMS GRC,SAP Access,KB_2
ACN AMS GRC,Roles - Liam Angel,KB_2
ACN AMS GRC,Access DS3/100 & 600 - BENRX001,KB_2
ACN AMS GRC, OSPL. SAP. REQUESTOR profile for DROSX003. SML018255,KB_2
ACN AMS GRC,Access GRC to Cyrille Briere,KB_2
ACN AMS GRC,Peter Harding - reactivate,KB_2
ACN AMS GRC,SML017596 : Cancaya Yucel,KB_2
ACN AMS GRC,Not abel to complete tasks in SAP transaction code MI20,KB_2
ACN AMS GRC,[SML020475] Please approve the Starter: Marnie Scott,KB_2
ACN AMS GRC,SML022113 Request for application Access: Pierre-Antoine Waxin ,KB_2
ACN AMS GRC,[SML023622] Please approve the Mover: Fleurine Moreau,KB_2
ACN AMS GRC,Provide SAP approval access to Leena Adhia,KB_2
ACN AMS GRC, SML024194 . DE3 / DS3 access for Marta Torres,KB_2
ACN AMS GRC,SML023494 Leaver Agnieszka Miller,KB_2
ACN AMS GRC,Access to  query from user group NG_SCM to generate inventory via MB52_ALT (Stock in alternative unit),KB_2
ACN AMS GRC,GRC P4 the user VALSX007 and MARRX037 are blocked for ECC and EWM,KB_2
ACN AMS GRC,GARJX011. Access on QE1 system,KB_2
ACN AMS GRC,SAP. PE1 access for new user E-SCHNX003,KB_2
ACN AMS GRC,*posting to customer/vendor,KB_2
ACN AMS GRC,No BI report under quality environment ,KB_2
ACN AMS GRC,SML017597 - reactivate E-COLCX014 account,KB_2
ACN AMS GRC,End date modification,KB_2
ACN AMS GRC,reactivate SAP account,KB_2
ACN AMS GRC,SML013555 Leaver: Nastasia Roulet,KB_2
ACN AMS GRC,[SML015461] Please approve the Mover: Nicolas Mercier,KB_2
ACN AMS GRC,SAP account extension : ESCGX001,KB_2
ACN AMS GRC,NEW BW PB1 profile request - SIL Sales Report access,KB_2
ACN AMS GRC,Mot de passe SAP,KB_2
ACN AMS GRC,PS1. Access for user RUBJX002. SML018607 ,KB_2
ACN AMS GRC,Regional M D Profiles,KB_2
ACN AMS GRC,SML016574 Mover: Rachid Benbagdad,KB_2
ACN AMS GRC,[SML017220] Please approve the Leaver: Maÿliss Gaschet,KB_2
ACN AMS GRC,[SML021564] Access to transaction in SAP. Monika Kaczy?ska ,KB_2
ACN AMS GRC,[SML023414] SAP Access,KB_2
ACN AMS GRC,RESET PASSWORD TO X-CISLX001,KB_3
ACN AMS GRC,[SML019326 ]reopen Naoko Terakawa SAP Accnt,KB_3
ACN AMS GRC,Access to transaction YIT_IDOC_REPORT ,KB_3
ACN AMS GRC,Reset pass in FD1 for user: HUGJX004,KB_3
ACN AMS GRC,Update the data of PG1 SAP users (for OSI-SIL) as per attached document,KB_3
ACN AMS GRC,SML016559 Starter: Charlene Bonnet,KB_3
ACN AMS GRC,reactivate SAP account : E-VIREX001 ,KB_3
ACN AMS GRC,"Unable to access ME54N in SAP to release a PR, I come up as the budget owner and get the email with the link to release but it says I do not have authoristation",KB_3
ACN AMS GRC,[SML023668] Please approve the Starter: Nathalie Verdier,KB_3
ACN AMS GRC,YK_IO_UPLOAD unable to load,KB_3
ACN AMS GRC,Copy user PB1 to QB3,KB_3
ACN AMS GRC,problème connexion SAP,KB_3
ACN AMS GRC,Can I please have access to ME12? This is for filling in the TAX code default for material number as per vendor.,KB_3
ACN AMS GRC,SML016575 Mover: Anthony Clauin,KB_3
ACN AMS GRC,E-COUNX001 needs BI access,KB_3
ACN AMS GRC,SAP Access,KB_3
ACN AMS GRC,Access to QE3,KB_3
ACN AMS GRC,[SML018854] Please approve the Mover: Aurelien Marchand,KB_3
ACN AMS GRC,SML016647 Starter: Andrew Aly C Obrique,KB_3
ACN AMS GRC,RESTO PASSWORD TO E-CAMJX009,KB_3
ACN AMS GRC,[SML016299] Please approve the Starter: Le Saint Philippe,KB_3
ACN AMS GRC,EWM. Inventory.  Create account in EWM for FI team in CIT,KB_3
ACN AMS GRC,Urgent - Add KE4SMM & KE4SFI to FF ID,KB_3
ACN AMS GRC,BI Test Environment Access ,KB_3
ACN AMS GRC,SAP : Wrong name on the purchase order (PDF),KB_3
ACN AMS GRC,Duplicate account SAP : remove SEBNX002,KB_3
ACN AMS GRC,FW: Incident INC0211410 Priority: 3 - Moderate -- comments added,KB_3
ACN AMS GRC,FF for John Langan,KB_3
ACN AMS GRC,User ID for SBFE Active Alert,KB_3
ACN AMS GRC,User : JLANGAN SE1 account locked,KB_3
ACN AMS GRC,SAP no me permite crear pedidos de CAPEX. Falta autorización,KB_3
ACN AMS GRC,SML016693,KB_3
ACN AMS GRC,Active Alert Accesses,KB_3
ACN AMS GRC,SAP Profiles - 85-200,KB_3
ACN AMS GRC,Mayank Khandelwal ,KB_3
ACN AMS GRC,Sous-Dossiers manquants,KB_3
ACN AMS GRC,[SML023857] Please approve the Mover: Elliott Poncet,KB_3
ACN AMS GRC,Missing Authorization_ME22N,KB_3
ACN AMS GRC,SAP Access,KB_3
ACN AMS GRC,SAP t-code SM37 - authorization request to select from Spool,KB_3
ACN AMS GRC,SAP Storage Location administrative control,KB_3
ACN AMS GRC,User creation in PE1/PS1,KB_3
ACN AMS GRC,New role for PE1 - STMS,KB_3
ACN AMS GRC,SAP,KB_3
ACN AMS GRC,SML017649  : Solenn Drouin ,KB_3
ACN AMS GRC,YGRC_FF - EAM - No access ,KB_3
ACN AMS GRC,BI account creation - SML019664,KB_3
ACN AMS GRC,[SML020070] Please approve the Mover: Ryan David Hughes,KB_3
ACN AMS GRC,SAP account end date,KB_3
ACN AMS GRC,Review Display roles for VF04 having activity 01 and 02,KB_3
ACN AMS GRC,SAP BO ANALYSIS,KB_3
ACN AMS GRC,BI report to check pricing list per customer,KB_3
ACN AMS GRC,SML020697 SAP Access Request ricsx002 ,KB_3
ACN AMS GRC,Access to Quality Environment,KB_3
ACN AMS GRC,SML024116 Mover: Patrice Martin,KB_3
ACN AMS GRC,Manage group users linked to ZOBS mailing notification,KB_3
ACN AMS GRC,Update of composite roles for BI/BW,KB_3
ACN AMS GRC,[SML021777] Please approve the Starter: Sandra Bourhis,KB_3
ACN AMS GRC,USGRP description,KB_3
ACN AMS GRC,[SML020269] Please approve the Starter: Jimmy-Lee Gilles,KB_3
ACN AMS GRC,Remove access to ME31K & ME32K,KB_3
ACN AMS GRC,[SML021424] SAP account  management. LEAVER for Xavier Rebout,KB_3
ACN AMS GRC,grant SAP access to Mischa  Vincenten,KB_3
ACN AMS GRC,[SML021822] Please approve the Starter: Florent Baudart,KB_3
ACN AMS GRC,Dasha Eibenova access - PE1 unblock,KB_3
ACN AMS GRC,"Create FUJI* users in SAPPHIRE QUA Systems: QE3,QS3, QB3, QC1",KB_3
ACN AMS GRC,KKAO - no funciona correcamente con mi usuario,KB_3
ACN AMS GRC,PE1. Unblock & password reset for TOMDX001,KB_3
ACN AMS GRC,SAP logon balancing error 88,KB_3
ACN AMS GRC,NI-F6 combination not maintained,KB_3
ACN AMS GRC,"DE3 / DS3. Active accounts GARJX011, SABSX003",KB_3
ACN AMS GRC,[SML015421] Equipe GRC Création d'un compte BW,KB_3
ACN AMS GRC,Grant access to STMS_QA for Ana Garcia,KB_3
ACN AMS GRC,[SML023648] Please approve the Mover: Maltaverne Marie,KB_3
ACN AMS GRC,Change controller for FFCT_FI01_2 ,KB_3
ACN AMS GRC,UUpdate the data of ECC6 SAP users (for OSI-SIL) as per attached document,KB_3
ACN AMS GRC,SAP account disabled : POPMX001,KB_3
